Latisha,Fennessy,Nanning,China,69213731619665
Gwyneth,Kirbee,Jersey City,Uzbekistan,50889240127339
Lorenza,Bigner,Zagreb,Myanmar,9378272669038
Joane,Dermott,Faisalabad,Western Sahara,86264883629055
Concettina,Orlene,Kandy,Solomon Islands,71373656361346
Nananne,Clara,Andorra la Vella,India,25182062307255
Regina,Ries,Cincinnati,United Kingdom,41391984310323
Viviene,Penelopa,Fortaleza,Mexico,56883188624373
Libbie,Hieronymus,Istanbul,Ethiopia,21452008360529
Natka,Ahab,Thiès,Northern Mariana Islands,35775512812227
Mara,Shuler,Baltimore,Honduras,12906218622266
Roberta,Madaih,Tokyo,Norfolk Island,13849810878260
Jemie,Kalinda,Mexicali,Peru,59110779795913
Paola,Aida,Saipan,Bermuda,80759549171075
Constance,Belldas,Kanpur,South Africa,38687015215497
Imojean,Posner,Vilnius,Palau,66766897796878
Briney,Standing,Mexicali,Guernsey,46101336658319
Yvonne,Paine,Ottawa,Chile,4985845455092
Maisey,Graig,Dakar,Croatia,35643918870883
Annabela,Brackely,Willemstad,Angola,65536235727825
Lory,Erlandson,Kinshasa,Anguilla,98395544427216
Desirae,Ammann,Detroit,Cook Islands,62106572621837
Minda,Gillan,São Paulo,Uganda,29264024178346
Kate,Hailee,Kandahar,Åland Islands,72979438790080
Agnese,Loeb,Rabat,Benin,48699678700238
Ruthe,Drus,Porto Alegre,British Indian Ocean Territory,33195607706251
Kassey,Ellerey,Dallas,Guatemala,46375441756378
Dorothy,Winthorpe,Arequipa,Bahamas,86371968544736
Lilith,Sothena,Angra do Heroísmo,British Indian Ocean Territory,85617813365713
Juliane,Johanna,Puebla,Mozambique,90294349689170
Evita,Revkah,Fairbanks,Dominica,41819618694869
Marline,Morgun,Durango,Madagascar,32636453679687
Wilma,Newell,Rabat,Saint Pierre and Miquelon,25509847729296
Barbi,Matthew,Tunis,Zimbabwe,66705739359099
Layla,Morehouse,Cotonou,Puerto Rico,44550924038692
Consuela,Bibi,Semarang,Malaysia,59680790655594
Max,Thilda,Srinagar,Martinique,55453693868799
Winifred,Gibbeon,The Valley,Swaziland,13833649639040
Merle,Payson,Multan,Bahrain,71971255405160
Cordi,Merell,Manchester,Saint Helena,6543049098339
Raf,Carlson,Prague,Guyana,90209802782058
Pierette,Zitvaa,Veracruz,Sri Lanka,87561658462263
Shannah,Plato,Bangkok,"Cote D""Ivoire",8349367852341
Elvira,Burkle,Anadyr (town),Israel,68871057531357
Sam,Isidore,Mumbai,Ecuador,79991495064145
Gertrud,Oster,Lusaka,"Lao People""S Democratic Republic",25852021973317
Kayla,Aurelio,Zapopan,Poland,88615447082217
Noelle,Connelly,Siem Reap,Libyan Arab Jamahiriya,45965111038169
Margalo,Rooney,Algiers,Cuba,12025343516984
Chloris,Therine,Bissau,Japan,82599058834846
Susan,Ardeha,Ndola,Heard Island and Mcdonald Islands,20393986160727
Gusella,Natalia,Linz,Kuwait,63591154185918
Marylou,Mike,Frankfurt,Equatorial Guinea,92542062859038
Corene,Susannah,Helsinki,Portugal,72788753540221
Emelina,Pillsbury,Monterrey,Slovakia,10329645064735
Gabi,Vary,Niamey,Nicaragua,34396473530735
Livvyy,Behre,Toulouse,French Guiana,53145353622958
Beverley,Madox,Kiev,"Moldova, Republic of",67598713529256
Theodora,Cristi,Athens,United States,22527097052941
Bobinette,Persse,Virginia Beach,Thailand,72908235576042
Lorie,Chem,Mata-Utu,Heard Island and Mcdonald Islands,47994964162957
Paulita,Meli,Cali,Samoa,25075477840020
Ellette,Garrison,Chongqing,Nauru,63262840729110
Esmeralda,Yuille,Virginia Beach,Gabon,84221264777207
Raquela,Krystle,Nukus,French Polynesia,91600892729051
Ardeen,Henrie,Muscat,Sri Lanka,25462348236330
Diena,Engdahl,Taiyuan,Equatorial Guinea,70331709021131
Karly,Winnick,Iqaluit,Hong Kong,79918859988049
Andree,Lubin,Darwin,Colombia,15996334175926
Joeann,Magnolia,San Antonio,Sweden,46887104749950
Lesly,Fadiman,Dammam,Honduras,60059544012613
Cathie,Bluh,Berlin,Cayman Islands,20424284055077
Kellen,Gale,Maceió,Tunisia,69953544171812
Stephanie,Cosenza,Bern,Turkey,84066740273147
Alex,Sigfrid,Tashkent,Canada,80144192723423
Marnia,Suzetta,Chongjin,Antigua and Barbuda,96239476974842
Mary,Yate,Dili,Malta,81257908999698
Ekaterina,Kaja,Ürümqi,Burundi,84777342971152
Barbara,Medrek,Monaco,Montserrat,10473799706636
Angelique,Loeb,Gaborone,Ghana,1162124728597
Nessie,Infield,Denver,New Zealand,87783640566533
Marita,Egbert,Dili,"Korea, Democratic People""S Republic of",62332218536218
Ethel,Kalinda,Siem Reap,Bouvet Island,59042071152587
Elfreda,Thar,Wichita,Isle of Man,71532656128673
Tracey,Dorine,Rotterdam,Malta,9766145845783
Alisha,Melleta,Addis Ababa,Croatia,85706714726756
Rosabelle,Therine,Kuwait City,Somalia,27434784314065
Katleen,Moseley,Perm,Hungary,99113130152352
Doralynne,Flyn,Memphis,Nauru,48185327290018
Ericka,Vernier,Iquitos,Belarus,27391205102462
Merrie,Joli,Cincinnati,Latvia,19413923289259
Arlina,Wolfgram,Bridgetown,Latvia,46274978424179
Celestyna,Boehike,Kandahar,Uzbekistan,24420812773231
Addia,Middleton,Chicago,Viet Nam,74973603175941
Rebeca,Mathilde,Weno,Hungary,47369096028708
Rubie,Devlen,Kabul,Congo,27924045707080
Marcelline,Bollay,Amsterdam,New Zealand,29841788648859
Demetris,Fancie,Changchun,Brunei Darussalam,19265980651116
Nananne,Faro,Bangkok,Cook Islands,67741868629054
Fred,Honoria,Davao City,Philippines,34533345672316
Merrie,Khorma,Luanda,Switzerland,34115018395694
Britni,Holbrook,Pago Pago,Greenland,90648334582813
Chrystel,Olympium,Accra,Sweden,60266469418211
Kassey,Catie,Bergen,Panama,63011959544953
Mary,Kenney,Mecca,Tunisia,77521294580211
Aimil,Corabella,Angra do Heroísmo,Congo,72605519001907
Nonnah,Buffum,Port Elizabeth,Syrian Arab Republic,66021014131551
Lonnie,Dimitris,Nanning,Reunion,33926470546155
Mady,Geffner,Dededo,Antarctica,94511404313986
Charmaine,Nikaniki,South Tarawa,South Georgia and the South Sandwich Islands,31813266595062
Marline,Lubin,Thessaloniki,British Indian Ocean Territory,84182429120784
Tybie,Esmaria,Ilhéus,British Indian Ocean Territory,75522656538633
Laure,Hedve,Abu Dhabi,Malawi,12184152707737
Ilse,Arquit,Naples,Mexico,5756778814059
Blinni,Hartnett,Phuket (city),Indonesia,7314097872998
Clementine,Bahr,Lobamba,Mozambique,80994318270846
Leeanne,Dyche,Kota Kinabalu,Faroe Islands,93917252118829
Joleen,Barbey,Albuquerque,Pitcairn,33050144908624
Abbie,Tannie,Tamale,Afghanistan,77368308052393
Benita,Afton,Seoul,Brunei Darussalam,43305866136429
Annora,Claudine,Rio de Janeiro,Nepal,69864934091871
Gwenneth,Lunsford,El Aaiún,Aruba,39000817407677
Adore,Podvin,Port Elizabeth,Tajikistan,85259663349816
Tonia,Magnolia,San Juan,Mauritius,76189453998977
Catrina,Bonilla,Chicago,Liechtenstein,84858916542544
Robbi,Huggins,Belize City,Svalbard and Jan Mayen,83675262097737
Sara-Ann,Flyn,Porto Alegre,Burundi,90838853550567
Adriana,Orpah,Abu Dhabi,Germany,73703255055055
Sidoney,Rhu,Kyoto,United States Minor Outlying Islands,26244490166739
Correy,Minetta,Jersey City,Lesotho,99771733303998
Constance,Persse,Dodoma,Trinidad and Tobago,92201011779137
Lucy,Wareing,Dili,"Virgin Islands, British",76868196792332
Jean,Emmaline,Beirut,Haiti,21665503236381
Beth,Couture,Gdańsk,Ethiopia,63288505629971
Orsola,Tiffa,Montevideo,Bulgaria,25500838335301
Jerry,Fleeta,Turin,Falkland Islands (Malvinas),34139249333560
Christal,Kendrick,Suez,Cuba,12582851066053
Roberta,Lubin,Doha,Sudan,17044291330929
Kassey,Stefa,Adana,Botswana,96399551565084
Tersina,Noman,São Tomé,Israel,65091018810338
Barbi,Gavrila,Las Vegas,Seychelles,40667421800288
Ilse,Herrera,Albuquerque,Gambia,48130104937237
Catharine,Laverne,Hamburg,Western Sahara,59167608768574
Aryn,Girardo,Banjul,Angola,77825779461842
Gale,Maryanne,Jerusalem,Azerbaijan,23966305524245
Kalina,Urias,Lyon,Italy,85468436650212
Gerianna,Mata,Pattaya,Spain,25863630001748
Mamie,Goerke,Faisalabad,"Korea, Republic of",86792681897042
Gisela,Loeb,Tel Aviv,Northern Mariana Islands,38950677069888
Vevay,Graig,Bucharest,Peru,22659440371154
Mallory,Johnsson,Philadelphia,United Arab Emirates,9449402106703
Jaime,Eben,Dammam,Honduras,29942864026858
Gertrud,Catie,Omdurman,Reunion,25277381080445
Daryl,Wandie,Sitka,Heard Island and Mcdonald Islands,46511354444183
Rosabelle,Sundin,Chiang Mai,"Virgin Islands, U.S.",32832580351435
Maryellen,Anderea,San Antonio,Fiji,49374817195028
Kate,Jobi,Port Said,Hungary,22507500658973
Ninnetta,Norrie,Luxor,Angola,80986769768613
Katharina,Kendrick,Rockhampton,Faroe Islands,19429138464366
Eve,Kravits,Palma,Guinea-Bissau,15311973077243
Joceline,Ruvolo,Adana,Palau,58538830888963
Nicoli,Faria,Sri Jayawardenapura-Kotte,"Taiwan, Province of China",70821733469946
Anallese,Martguerita,Nanjing,AndorrA,62653407122094
Alisha,Ilka,Bangui,Reunion,24401284413413
Rhea,Kermit,Fredericton,Turks and Caicos Islands,41446445214817
Dennie,Zina,Dammam,Timor-Leste,43310458559549
Dominga,Elephus,El Aaiún,Kuwait,32553697347618
Brynna,Norvol,Nuuk,France,62678547587082
Angelique,Liebermann,Santa Cruz de la Sierra,United Kingdom,18022622000968
Gaylene,Riva,Warsaw,Maldives,47917949643211
Felice,Ehrman,Riga,Iceland,16521943094350
Debee,Darian,Mendoza,Guam,27530233803108
Dulcinea,Horan,Wellington,Bosnia and Herzegovina,83600810461832
Nannie,Campball,Tirana,Tajikistan,74174224096707
Celisse,Lemuela,Stuttgart,French Polynesia,35983961436115
Desirae,Fleeta,Medina,Gambia,34591850753147
Loree,Delacourt,Cusco,Gibraltar,30278246945191
Gloria,Ailyn,Kobe,El Salvador,52575452572550
Penelopa,Mott,St. John's,Pakistan,15933785725174
Joelly,Kress,Hargeisa,Venezuela,8734012639779
Robbi,Means,Osaka,Georgia,85939838875196
Chrystel,Tristram,Tirana,Gabon,17415138765806
Dale,Daegal,Calgary,Swaziland,69341593271060
Jinny,Ruvolo,Roseau,Guadeloupe,93304351321017
Jolyn,Regan,Edinburgh,Bouvet Island,88727902397286
Eugine,Saint,Shenzhen,Guernsey,30360458331155
Belinda,Sinegold,Balikpapan,Gibraltar,20275486810178
Celisse,Trey,Whitehorse,South Africa,6371581595927
Lynea,Pond,San Francisco,Niue,39239599645267
Hope,Paton,Suez,Sudan,38992572526173
Genovera,Delila,Wichita,Chile,72577638022063
Priscilla,Hermes,Bahía Blanca,AndorrA,11859473683927
Rosabelle,Tengdin,Mumbai,Falkland Islands (Malvinas),29093644771239
Sheree,Bates,Blantyre,Western Sahara,33929577067546
Ana,Swanhildas,Nakhon Ratchasima,Argentina,80524084986759
Melina,Francyne,Almaty,Burundi,20627805926531
Rhoda,Constancy,Fredericton,Mauritania,44923040141390
Loree,Jotham,Ürümqi,Guadeloupe,76289656143974
Lorenza,Slifka,Lviv,New Caledonia,20084508220354
Courtnay,Hailee,Ottawa,Fiji,37648053401316
Hermione,Trace,Abidjan,Yemen,11751946629529
Nessie,Gerge,Las Vegas,"Virgin Islands, U.S.",6921062539475
Celestyna,Rustice,Kuwait City,Turks and Caicos Islands,13116874972325
Kaja,Lail,Adana,Italy,73675176236671
Carol-Jean,Slifka,Houston,"Tanzania, United Republic of",13036642029799
Shannah,Dermott,Las Vegas,Niue,6783416652064
Carlie,Donoghue,Freetown,Saint Lucia,12823013927365
Gusty,Vale,Koulikoro,"Iran, Islamic Republic Of",84751632558995
Kimberley,Vale,New Orleans,Madagascar,44065067156280
Leanna,Leffen,Sarajevo,Greece,60327013059103
Eadie,Bord,Aarhus,AndorrA,68072755272259
Heddie,Blisse,Beijing,Malta,99332236962850
Paulita,Sammons,Andorra la Vella,Lebanon,11182328036866
Antonietta,Barbey,Skopje,Hungary,49403833772047
Pierette,Shaver,Prague,Cayman Islands,82196229572111
Cordi,Baylor,Sofia,Yemen,62857081925291
Gavrielle,Burnside,Tskhinvali,Botswana,12128210907263
Robbi,Morgun,Vientiane,United States Minor Outlying Islands,33471370496001
Katuscha,Moseley,Maracaibo,Belarus,31465639648726
Madeleine,Barney,Seoul,Malawi,8141274423936
Yolane,Fulmer,Virginia Beach,Pitcairn,41582278538005
Susette,Giff,Ottawa,Cambodia,7068006498649
Allyce,Fabiola,Phnom Penh,Jamaica,76374561145387
Alyda,Uund,Hagåtña,Indonesia,9343542498706
Vonny,Oscar,Tampere,Niger,20252370420184
Modestia,Miru,La Paz,Aruba,14201406092591
Petronia,Tristram,San Diego,Burundi,45586655083869
Rebeca,Moina,Montreal,Tuvalu,50590245160440
Sidoney,Afton,Nukuʻalofa,Namibia,45153215507325
Susette,Leopold,Detroit,Suriname,71128924196430
Dagmar,Erlandson,Rochester,Belarus,99180699626905
Tatiania,Rooney,George Town,Cuba,39252930780020
Kathy,Lail,Dushanbe,Bhutan,46201491572183
Ezmeralda,Elephus,Castries,Åland Islands,71501084582423
Deirdre,Earlie,Kanpur,Yemen,79783381324931
Ericka,Loleta,Santiago de Cuba,China,11890557319497
Tiffie,Liva,Chihuahua,Anguilla,56870732341136
Dode,Chaing,Dodoma,New Zealand,82410428965750
Gusty,Poppy,Macau,Nicaragua,2323714810551
Brandise,Fulmer,Wellington,"Micronesia, Federated States of",83712553402077
Tressa,Dearborn,Multan,Heard Island and Mcdonald Islands,76660516564099
Angelique,Gavrila,Linz,Venezuela,79864165532440
Ninnetta,Emerson,Chihuahua,Slovakia,1561057884816
Netty,Brenn,Chişinău,Cuba,32510232987616
Vevay,Kelula,Omsk,China,7442616650626
Cassandra,Toni,Manchester,Norfolk Island,5601617404885
Rosaline,Delila,Lilongwe,"Congo, The Democratic Republic of the",29119962982392
Celene,Andrel,Ilhéus,Tajikistan,13648637919388
Danika,Felecia,La Paz,"Taiwan, Province of China",11043449248687
Debee,Rooney,Stuttgart,Nauru,97462026993366
Molli,Goddard,Vatican City,New Caledonia,90526333930919
Latisha,Clie,Brussels,Turkey,40130252518960
Christian,Gabrielli,Tirana,Jamaica,94062929949343
Hallie,Pelagias,Miri,"Cote D""Ivoire",87471910191246
Iseabal,Erskine,Hanga Roa,Cyprus,1054999351832
Odessa,Franza,Nashville,Maldives,72042473133067
Fred,Brunell,Vancouver,Armenia,48527585963899
Yetty,Prouty,Birmingham,Ethiopia,45293207048371
Kerrin,Amethist,Castries,Bulgaria,69952095403735
Kaia,Goode,Dammam,Canada,15337736899265
Viki,Borrell,Cork (city),Guernsey,10298839747257
Chere,Regan,Tel Aviv,Mozambique,74173157204023
Arlina,Longfellow,Suva,Lesotho,5628971541327
Christal,Bates,Edmonton,Argentina,76616193762612
Olivette,Minetta,Palembang,China,50992993527832
Desirae,Dowski,Strasbourg,Panama,53586261193394
Petronia,Tound,Durango,"Iran, Islamic Republic Of",93660562418909
Gaylene,Ferino,Medellín,Central African Republic,51323771181912
Carree,Peonir,Melekeok,Mali,74975215272821
Ayn,Gualtiero,Jinan,Greece,33202689308549
Donnie,Roscoe,Siem Reap,Azerbaijan,89206914262012
Aurore,Fadiman,Praia,Oman,23024656460814
Corina,Lea,Oranjestad,Greece,44126890154168
Bill,Ivens,Amritsar,Italy,97240193046882
Augustine,Erich,Tucson,Liechtenstein,80723705448613
Lucille,Sholley,Abuja,"Iran, Islamic Republic Of",65483596171768
Valli,Lipson,Jakarta,Tonga,46967261689656
Annora,Norvol,Graz,Papua New Guinea,57606099774838
Kalina,Karna,Manaus,Montserrat,16000083778248
Shannah,Hortensia,Cartagena,Turkey,20936458759949
Fred,Jerald,Charlotte Amalie,Ecuador,47551019377069
Tracey,Artie,Denver,Bahamas,7604906320188
Ardys,Stanwood,Beijing,Kenya,88136130362965
Jaclyn,Helve,Lviv,Israel,37381102708059
Xylina,Strephon,Milwaukee,Romania,74436133610192
Jenilee,Weaks,Shenyang,Gambia,56976854547698
Katharina,Gale,Nantes,Puerto Rico,71658905612707
Jeanna,Bluh,Anadyr (town),Slovenia,50391853319083
Perry,Han,Cleveland,French Polynesia,41535420120041
Marcelline,Bashemeth,Chaguanas,Liberia,99011446715262
Ellette,Nikaniki,Harbin,San Marino,37069112910133
Ellette,Crudden,Las Palmas de Gran Canaria,Saint Vincent and the Grenadines,19647719151521
Candi,Alcott,Santiago,Jersey,76676199861734
Annecorinne,Plato,Vancouver,Denmark,73309664922546
Lynde,Brodench,Helsinki,Palau,95010869875300
Deane,Secrest,Detroit,"Palestinian Territory, Occupied",63129331514131
Raquela,Haymes,Arbil,Swaziland,83349326429938
Ayn,Barrus,Mexico City,Northern Mariana Islands,49566812773353
Daryl,Bivins,Vientiane,"Virgin Islands, U.S.",3444411828042
Kaia,Buffum,Bucharest,Anguilla,65867609272902
Jenilee,Tice,Vladivostok,Cocos (Keeling) Islands,86709308236659
Joceline,Kare,Taichung,Uruguay,70545353178631
Peri,Parette,Bogor,Peru,32432280908939
Averyl,Wooster,Riga,Ghana,45205685413102
Starla,Sharl,Pekanbaru,Bahrain,51103031595016
Sonni,Aloise,Anchorage,Mauritania,72757035735908
Rhea,Elbertina,Stepanakert,Isle of Man,33190876469836
Sissy,Joli,Hong Kong,Antigua and Barbuda,33561949752880
Sashenka,Laverne,Chişinău,Kazakhstan,41695886732721
Lauryn,Chapland,Ipoh,Niger,99144966508836
Barbara,Elbertina,Hat Yai,Turks and Caicos Islands,75191355425346
Hermione,Ledah,Santa Cruz de Tenerife,Russian Federation,14857979311719
Rochette,My,Iloilo City,Western Sahara,5691453319082
Grier,Carleen,Angra do Heroísmo,Antigua and Barbuda,33876740095027
Marguerite,Rubie,Xi'an,Saudi Arabia,66955224950562
Collen,Anis,Phuket (city),Brunei Darussalam,50629139373576
Laure,Suanne,Taichung,Peru,50254310334536
Raquela,Prober,Taiyuan,Brazil,68603889718223
Ermengarde,Riva,Port Hedland,Gambia,34790122072816
Bobinette,Seessel,Campo Grande,Sao Tome and Principe,91875975650011
Ursulina,Sibyls,Atlanta,Bouvet Island,20575318414614
Merci,Stav,Curitiba,Switzerland,67449261269379
Lesly,Bach,Lucknow,Jersey,4532465150307
Basia,Pearse,Durban,Antigua and Barbuda,26374255767326
Adelle,Hewitt,Baku,Slovakia,95204185992785
Valera,Alice,Nouméa,Guernsey,53964133024027
Louella,Belldas,City of Halifax,Uruguay,26233751904219
Willetta,Palocz,Jakarta,Heard Island and Mcdonald Islands,26993098470642
Anallese,Izaak,Nukulaelae,Angola,18428101472388
Deloria,Kare,Jakarta,Western Sahara,80409813111978
Leia,Arne,Tampa,United States Minor Outlying Islands,40396721474268
Ardys,Deegan,Macapá,Zimbabwe,54715695833860
Correy,Carri,Warsaw,Dominica,93541911825947
Meriel,Leifeste,Saint-Denis,Djibouti,76160492174940
Fred,Grimbly,Los Angeles,Zambia,96437511120581
Hermione,Winthorpe,Qingdao,Guadeloupe,2537261259874
Michaelina,Vins,Abidjan,San Marino,20182373024109
Lucy,Gabrielli,Cuiabá,Dominican Republic,52434558208300
Asia,Belldas,Tirana,Macao,29707695061714
Madeleine,Hunfredo,Nagoya,Indonesia,36391404840458
Vere,Kirstin,Incheon,Peru,40258032804431
Imojean,Mandler,Porto Alegre,Austria,57599784418477
Yvonne,Rosemary,Calgary,RWANDA,81575593700217
Rebeca,Dyche,Port-au-Prince,Argentina,9189471143499
Dotty,Louanna,Manama,Sudan,36712931729299
Mathilda,Kimmie,Leipzig,Viet Nam,65137398604748
Suzette,Haymes,Ottawa,Fiji,92584712880341
Ashlee,Yam,Lubumbashi,Albania,58153866277366
Veda,Blisse,Pretoria,Ecuador,10996262401494
June,Wooster,Buffalo,Seychelles,35884152952119
Nerta,Kathie,Freetown,South Georgia and the South Sandwich Islands,10413689228876
Linet,Elbertina,Tucson,Sao Tome and Principe,75859439449282
Brandise,Jammal,Turin,Tokelau,24779876676860
Layla,Sammons,Port Blair,Congo,23275428633237
Kelly,Lowry,Nairobi,Suriname,49889122189642
Sam,Alejoa,Weno,Gibraltar,75304295853847
Ardys,Lenny,Bratsk,Malta,85544483174384
Alexine,Ferrell,Mexicali,Marshall Islands,9136330771083
Netty,Zenas,Davao City,Mayotte,91678078695397
Florencia,Stephie,Quebec City,Sweden,62242928213123
Viki,Oster,Antofagasta,Angola,88249530089331
Dulcinea,Georas,Nairobi,Uzbekistan,48156383981303
Phylis,Helfand,Angra do Heroísmo,Western Sahara,16298512637333
Deloria,Frendel,Kaesong,Senegal,64202166972217
Suzette,Kelula,Saskatoon,Wallis and Futuna,13426958565385
Lorie,Wattenberg,Fortaleza,Somalia,99319311620229
Lita,Syd,Arbil,Bhutan,6953520006521
Bill,Rese,Bandung,Pitcairn,99197292038341
Nelle,Quinn,Serekunda,Tajikistan,77331276259250
Emelina,Penelopa,Melekeok,Martinique,15767919777867
Di,Bobbee,Rotterdam,Cayman Islands,25465264670050
Ellette,Abram,Linz,Nigeria,81590819291745
Gianina,Bethany,Nassau,Barbados,4424127767994
Corina,Rubie,Sofia,Mongolia,22302199190005
Devina,Madox,Abidjan,China,86495498970599
Darci,Rubie,Antofagasta,"Cote D""Ivoire",50360738617438
Alyssa,Faust,Split (city),Liberia,87632174442389
Dyann,Wenoa,Astana,Tunisia,11146710323984
Nerta,Martsen,Nouakchott,Japan,27464829942587
Tatiania,Mott,Basra,Czech Republic,99769845670748
Magdalena,Dorothy,Nanjing,Germany,1611973184745
Caressa,Clara,Casablanca,Mayotte,23165819090098
Kittie,Ellerey,Invercargill,United Arab Emirates,75174067503477
Romona,Justinn,Iloilo City,Christmas Island,29881460621656
Gloria,Emerson,New Delhi,Uzbekistan,82237514786166
Meghann,Solitta,Cali,Tonga,33107175606284
Rayna,Brandice,Livingstone,Latvia,86211961660240
Benita,Brotherson,Ushuaia,Macao,19181756445890
Verla,Faro,Marseille,Niue,20957440262923
Sarette,Olnee,Tbilisi,Poland,81580337187605
Elsie,Charity,Nicosia,Cocos (Keeling) Islands,78212703933502
Carilyn,Rosette,Philadelphia,Guyana,65989067677993
Vere,Minetta,Brazzaville,Sri Lanka,42529656402092
Merry,Stacy,Shenyang,Faroe Islands,48455457098684
Leona,Hailee,Sarajevo,Papua New Guinea,3367162444239
Lucille,Grayce,Bujumbura,Saint Lucia,51901300560781
Brandise,Dyche,Cusco,Grenada,89175674468598
Cam,Schroth,Fort-de-France,Uganda,12214726218021
Yolane,Laverne,Boa Vista,"Virgin Islands, British",14152586808703
Hyacinthe,Alwin,Hangzhou,Zambia,41730481433646
Letizia,Cleo,Handan,Grenada,95194284177419
Glynnis,Fulmer,Pristina,Mongolia,69220399081027
Philis,Maxi,Tripoli,Finland,48815538382369
Pierette,Vary,Tampa,Ethiopia,14279776846474
Desirae,Pearse,Hanoi,China,12775869199622
Mara,Thornburg,Road Town,Saint Vincent and the Grenadines,53963533066026
Shaine,Thornburg,Cologne,Tokelau,80604348573019
Jemie,Bennie,Cincinnati,Norfolk Island,41017312055994
Gaylene,Neils,Medina,Senegal,81513202591015
Goldie,Clywd,Namangan,Turkmenistan,27663152397931
Silvana,Artie,Kinshasa,Bulgaria,64506325375843
Claresta,Carolin,Hamilton,Portugal,81935737469955
Jere,Kauppi,Pyongyang,China,76667289010437
Edith,Karl,Sukhumi,Zimbabwe,58662109038728
Phedra,Seligman,Minsk,"Congo, The Democratic Republic of the",74522989660410
Corry,Cristi,Gothenburg,Mongolia,65154937124583
Sandie,Cordi,N'Djamena,Djibouti,92967467433362
Kassey,Madox,Frankfurt,El Salvador,49455891397975
Marika,Pascia,Tamale,Timor-Leste,50120027024830
Courtnay,Ellord,Rosario,Haiti,30524478993685
Nananne,Rad,Salzburg,Cayman Islands,13964193496433
Candi,Virgin,Monrovia,Singapore,99056191379140
Cissiee,Voletta,Patna,"Korea, Republic of",50394937681768
Feliza,Bari,São Tomé,Anguilla,3463298519204
Sindee,Alcott,Nizhny Novgorod,"Moldova, Republic of",69109479944108
Renae,Anderea,Hong Kong,Iraq,91730342604393
Lorenza,Ventre,Chengdu,Armenia,42505425082952
Henriette,Frodi,Santo Domingo,Turkey,48367649059573
June,Penelopa,Bujumbura,Tuvalu,41355669703894
Doro,Freddi,Austin,Syrian Arab Republic,70294242526348
Phylis,Sherfield,Suva,Western Sahara,96211328006257
Millie,Cordi,Thiès,"Iran, Islamic Republic Of",97792089747294
Anallese,Lucienne,Francistown,Eritrea,10413527108798
Leona,Haldas,Brussels,"Palestinian Territory, Occupied",78651903186116
Kaja,Mott,Reykjavík,Syrian Arab Republic,13008117370672
Jobi,Obed,Warsaw,India,14379086208127
Hannis,Francyne,Koulikoro,Ukraine,99738148643578
Augustine,Sasnett,Shijiazhuang,Netherlands,69008321137104
Madelle,Gaspard,Taipei,Trinidad and Tobago,13278703994346
Janey,Faust,Libreville,American Samoa,38636855814462
Joceline,Jehu,Brikama,Finland,36164827457219
Aimil,August,Manaus,Turkmenistan,52850627260020
Cathie,Aaberg,Chihuahua,Qatar,41028852767310
Arlena,Gamaliel,Lobamba,Serbia and Montenegro,50857222466058
Katuscha,Reneta,Yangon,South Georgia and the South Sandwich Islands,38248794950113
Roxane,Gladstone,George Town,Guinea,29750447109936
Christy,Podvin,Lima,Belgium,49872122019615
Cherilyn,Ulphia,Balikpapan,United Arab Emirates,37168428692638
Selia,Rugen,Ndola,Holy See (Vatican City State),35264835016355
Kassey,Fairweather,Agartala,Armenia,63787950643988
Kristina,Adamsen,Ibiza,Saint Lucia,97509201048420
Emylee,Ivens,Panama City,Isle of Man,57051879439663
Lorie,Buckler,Sri Jayawardenapura-Kotte,Holy See (Vatican City State),4822149534622
Shell,Rillings,Warsaw,Liechtenstein,71851757860190
Lexine,Sigfrid,Shigatse,Hungary,24900141519908
Hermione,Concha,Thimphu,Zimbabwe,2095321676174
Alejandra,Cordi,Boston,Spain,45872200862950
Amara,Carolin,Cincinnati,Jamaica,61174612764419
Addia,Franza,Petropavlovsk-Kamchatsky,India,13597426268873
Adriana,Kaete,Juneau,Sri Lanka,88347900509008
Shauna,Tryck,Angra do Heroísmo,Guadeloupe,80722983385443
Elora,Wiener,Geneva,Holy See (Vatican City State),70009130134612
Elbertina,Destinee,Nouakchott,China,6617053297965
Elena,Donoghue,Munich,Chad,29850833522088
Dianemarie,Morgun,Port Said,Barbados,81229742958041
Vonny,Olin,Dhaka,Nepal,56634203306161
Sibella,Kiersten,Seville,United States,95742995275092
Melanie,Olympium,The Valley,Turkmenistan,33667820889954
Corina,Stover,Santa Cruz de la Sierra,Macao,77382831331959
Brietta,Cyrie,Minsk,Uganda,79074237196879
Althea,Haymes,New Orleans,Niue,10333419884809
Estell,Quent,Medan,Peru,30558857875017
Hayley,Aida,Livingstone,"Tanzania, United Republic of",9717989441716
Dania,Zetta,Iquique,Saint Vincent and the Grenadines,19128273740536
Lyssa,Fancie,Dhaka,Jersey,48385579491477
Ursulina,Burnside,Dubai,Djibouti,83904429846858
Alyssa,Letsou,Xi'an,Saint Helena,3863094742518
Celisse,Dielu,Tianjin,French Polynesia,18454295657710
Rayna,Raffo,Houston,Kiribati,25523561134815
Libbie,Allys,Curitiba,"Cote D""Ivoire",38529802356186
Queenie,Kylander,Washington,"Congo, The Democratic Republic of the",27898751345166
Carol-Jean,Publia,Blantyre,Pitcairn,83452879965785
Charissa,Eliathas,Praia,Hungary,7063833092069
Berget,Lail,Glasgow,"Iran, Islamic Republic Of",1949066791926
Belinda,Chauncey,Ludhiana,Grenada,89458854667794
Annabela,Ardra,Luanda,El Salvador,76897499346669
Roxane,Oscar,Maseru,Cambodia,88800029538398
Nollie,Sprage,Melbourne,Mayotte,41559704288361
Susette,Crudden,Road Town,RWANDA,71182647236366
Mary,Meli,Porto Alegre,Honduras,49911857509217
Mamie,Miru,Xi'an,Malta,95848603201168
Desirae,Sholley,Hangzhou,Saint Helena,36023392511488
Sabina,Blisse,Port Louis,Guatemala,11480567135426
Helsa,Ferino,Raleigh,Yemen,56880999338149
Karlee,Ortrude,Asmara,Barbados,19141071142774
Neila,Hutchison,Suva,Luxembourg,17190553192599
Cordi,Peg,Durban,"Korea, Republic of",58179773612684
Candi,Azeria,Jersey City,Netherlands Antilles,71828947713184
Madelle,Nore,Madrid,Guam,50869590348437
Madeleine,Sprage,Tiraspol,"Macedonia, The Former Yugoslav Republic of",88923116883270
Clo,Howlyn,Warsaw,Lesotho,16746774108835
Deedee,Bigner,Arequipa,Ghana,23920615083143
Shirlee,Doig,Zhengzhou,Ecuador,27755046335476
Sean,Lindemann,Ulan Bator,Antigua and Barbuda,37791485382614
Krystle,Alejoa,Istanbul,Jersey,98365711224195
Georgetta,Koehler,Hobart,Mauritius,71279619978641
Blondelle,Hunfredo,Manama,Bosnia and Herzegovina,60187135011524
Jinny,Dom,Malabo,Poland,31395538605868
Claresta,Merna,Mersin,Ecuador,93711052724980
Estell,Nester,Hargeisa,Guinea-Bissau,14875418165484
Cecile,Stephie,Douala,Hong Kong,52247403625111
Vevay,Orpah,Port Elizabeth,Cook Islands,66005074200923
Kirbee,Septima,Kuching,Oman,64898434121964
Vanessa,Jillane,Las Palmas de Gran Canaria,Tunisia,95976866910395
Madeleine,Juan,Cartagena,Armenia,15312312347876
Morganica,Malvino,Suva,Mauritania,51271387975357
Olivette,Urias,Alofi,Saint Pierre and Miquelon,21529142957411
Joy,Elo,Manila,Malaysia,57250107216893
Glenda,Dichy,Ponta Delgada,Iraq,74236522318405
Clo,Bivins,Málaga,Yemen,77381582154613
Lila,Jacobah,Saskatoon,Liberia,71539515453060
Lilith,Henebry,Tartu,Antarctica,64056112049708
Larine,Wattenberg,Durango,Switzerland,30367595194088
Xylina,Seagraves,Leeds,Niue,80022857329699
Keelia,Wiener,Karachi,United Arab Emirates,66597503321726
Yolane,Loleta,Baku,Trinidad and Tobago,3715164173006
Claresta,Robertson,Panama City,Ecuador,67282208631819
Hildegaard,Lytton,Cardiff,Belgium,23868551205450
Hildegaard,Grimbly,Indianapolis,Bolivia,67176033509605
Christy,Pettiford,Juneau,Panama,51104973594760
Yetty,Jacobah,City of San Marino,Cape Verde,53663991594445
Kathi,McAdams,Nukus,Norway,89280743315176
Joleen,Kellby,Houston,Botswana,76310582183679
Donetta,Bryna,Palembang,Suriname,13457813665242
Jobi,Kevon,Doha,Western Sahara,92249117224116
Letizia,Rolf,Thimphu,Central African Republic,85654259273792
Lila,Eiser,Astana,Kiribati,6537899020033
Tabbatha,Naashom,Kuching,"Cote D""Ivoire",39025235571763
Cam,Maribeth,Valletta,Samoa,9017052588156
Henriette,Kunin,Juneau,"Tanzania, United Republic of",1435640529698
Tiffie,Andrel,Milan,Lithuania,2800293564956
Clary,Dyche,Kaohsiung,Belarus,41612688623245
Danny,Yorick,Pune,Madagascar,3446776315783
Mariele,Schonfeld,Kuwait City,Malaysia,17189183195364
Jemie,Ietta,São José dos Campos,Turks and Caicos Islands,29326717128603
Frieda,Briney,Kyoto,Swaziland,90815048532459
Charlena,Nunci,Jaipur,United States Minor Outlying Islands,82305519245914
Sandie,Ilka,Beijing,Malawi,96003445463584
Dione,Sekofski,Invercargill,"Tanzania, United Republic of",42368610765059
Sam,Hamil,Istanbul,Honduras,14220944487360
Bobinette,Loring,Horta (Azores),Paraguay,42789968814230
Olivette,Graig,Tianjin,Tajikistan,99975298411070
Aili,Docilla,Dili,Bulgaria,87073624554186
Stephanie,Toni,Stockholm,Iceland,88233462496738
Jany,Karna,Christchurch,Mongolia,85957987312942
Lesly,Wesle,Quebec City,Netherlands Antilles,1381548665736
Frank,Reidar,Forked River,Albania,26480509008117
Estell,Lytton,Ponta Delgada,Eritrea,64619661872275
Atlanta,Eckblad,Sana'a,Tonga,14959343512885
Rhoda,Peonir,Port Said,Jersey,14838128504141
Michaelina,Fabiola,Libreville,Suriname,26413580730940
Mary,Lemuela,Wuhan,India,77334783591164
Hermione,Elo,Sydney,Peru,20752301376692
Dorothy,Bandeen,Francistown,Cameroon,28127793090072
Norine,Rad,Karachi,Barbados,11917492139097
Chickie,Garlinda,Dalian,Senegal,15360968454615
Christian,Kalinda,Hilo,Kiribati,67210183568481
Ernesta,Gaal,Dili,United States,62544579627328
Bobinette,Swanhildas,Beijing,Netherlands Antilles,92510131359491
Mildrid,Rosette,Samara,Italy,4282048654622
Winny,Pyle,Surat Thani,Papua New Guinea,82397680404096
Celestyna,Charmine,Suez,Mali,80582680685716
Leontine,Podvin,Namangan,Sierra Leone,10988144985760
Celestyna,Pelagias,Hargeisa,Latvia,72547693346523
Peri,Han,Tianjin,Brunei Darussalam,48989107007007
Ellette,Meli,Charlottetown,Panama,88910693100841
Gusella,Ortrude,Warsaw,Netherlands Antilles,74975792099382
Michaelina,Hillel,Townsville,Nauru,73730105956410
Flo,McLaughlin,Kaliningrad,Antarctica,85795401381106
Kelly,Dorothy,Sarajevo,Burundi,60177753529821
Susette,Munn,Tehran,RWANDA,23738808042697
Edith,Frodi,Kandy,Lesotho,42508317609520
Kaia,Natalia,Luxor,Oman,1041731043350
Elora,Shields,Havana,New Caledonia,59226975018068
Jasmina,Virgin,São Paulo,Uzbekistan,64704679737755
Mara,Morrill,Wichita,New Caledonia,90302926353125
Phylis,Bluh,Edinburgh,Togo,2468935149201
Alyda,Chabot,Durban,Colombia,76654973349257
Rayna,Yorick,Incheon,Central African Republic,9333150884770
Jasmina,Juan,Tallinn,Israel,36535108623355
Amalie,Westphal,Beijing,Niue,41229083612660
Wynne,Philipp,Winnipeg,Comoros,18033022319980
Tilly,Prober,Maseru,San Marino,50462141251822
Yetty,Warthman,Osaka,El Salvador,98796308961618
Anica,Darian,Mbabane,Sierra Leone,45984901218357
Evita,Hilbert,Rockhampton,Algeria,61299801298279
Brynna,Daegal,Sana'a,Saint Pierre and Miquelon,2555304917832
Abbie,Bobbee,Phuket (city),Antigua and Barbuda,14212262307150
Kalina,Winthorpe,Boa Vista,French Polynesia,81219206576904
Kristan,Chrystel,Dili,"Micronesia, Federated States of",27637317331737
Aryn,Gualtiero,Dar es Salaam,Tonga,52951927406669
Madeleine,Timon,Cannes,Fiji,81525986758961
Nerta,Yate,Columbus,Equatorial Guinea,68633964463507
Shel,Demitria,Veracruz,Mauritius,91936181034583
Margette,Faso,Anchorage,Oman,20267718265658
Cathyleen,Buffum,Lahore,French Southern Territories,53024158872517
Alie,Wallis,Accra,Hungary,44498768777535
Addia,Kaja,Suva,Antarctica,21973400279258
Maye,Bibi,Malabo,"Iran, Islamic Republic Of",88850107204410
Blondelle,Craggie,Athens,Bouvet Island,28518018058491
Kial,Schroth,Palma,United States Minor Outlying Islands,49463848326001
Alleen,Lumbard,Osaka,Anguilla,4613599988469
Adriana,Evangelia,Kuwait City,Finland,32966198597978
Goldie,Bow,Kaohsiung,Oman,98238184793270
Pierette,Faust,Geneva,Angola,99878621115264
Jacquetta,Magdalen,Petropavlovsk-Kamchatsky,Tunisia,45462593761689
Shaylyn,Sherfield,Oslo,Ireland,27822545828532
Miquela,Caitlin,Greenwich,Maldives,79668494695710
Modestia,Olin,Tabriz,Morocco,94292044477892
Shell,O'Neill,Albuquerque,Haiti,10946864838677
Sue,Wolfgram,Chiang Mai,Togo,58631814023125
Angelique,Faust,Seville,Sri Lanka,99806404173681
Orelia,Fillbert,La Serena,Paraguay,70357899989174
Ginnie,Jerald,Guadalajara,Mongolia,9582028607075
Carlie,Jethro,Stuttgart,Estonia,4605178322026
Debee,Alice,Strasbourg,China,79455958934134
Cissiee,Garrison,Santo Domingo,Saint Helena,33751849844573
Shauna,Havens,Reykjavík,Panama,89722693159966
Pollyanna,Gaspard,Yokohama,United Kingdom,11685670988598
Daune,Fosque,The Valley,Guadeloupe,28115551727905
Jinny,Azeria,Ilhéus,Malawi,25405439337697
Paulita,Fry,Luanda,Zambia,18413789222861
Raf,Klemperer,Providence,Estonia,2497280664578
Vivia,Mehalek,Puerto Williams,Kiribati,62218503484374
Xylina,Nore,Philadelphia,Turkey,67348778771078
Loree,Bouchard,Macau,"Macedonia, The Former Yugoslav Republic of",16234482166877
Valeda,Riordan,Nantes,Madagascar,99050791112711
Noelle,Maroney,Juneau,Kuwait,87400401559313
Willetta,Wittie,Providence,Monaco,15723638394282
Gavrielle,Roche,Hilo,Tajikistan,75938116528002
Tatiania,Jerald,Nagpur,Italy,98719166875522
Bernie,Alwin,Arbil,"Tanzania, United Republic of",25820274155129
Michaelina,Hessler,Da Nang,New Zealand,69032647903779
Sean,Magnolia,Kigali,Egypt,58304545131373
Gilligan,Aaberg,Livingstone,Jersey,42270655187861
Pierette,Flita,Tunis,Armenia,25213548535750
Jean,Stuart,Chihuahua,Ecuador,11669152242912
Tami,Fabiola,Zhengzhou,South Georgia and the South Sandwich Islands,68254933397348
Molli,Trace,Sarajevo,Lebanon,64020873345195
Ethel,Modie,Virginia Beach,Hungary,81418085574972
Angelique,Sasnett,Lisbon,Liberia,38036972942562
Rori,Linehan,Caracas,Guadeloupe,32976603020163
Magdalena,Tillford,Quezon City,Philippines,31296165455878
Miquela,Brunell,Amritsar,Wallis and Futuna,22795716109016
Kelly,Romelda,Tallinn,Peru,4692294069354
Norine,Ranjiv,Birmingham,"Lao People""S Democratic Republic",43696338611573
Danika,Publia,Bamako,Azerbaijan,16647314121810
Lizzie,Pyle,Moroni,Morocco,61440735603347
Calla,Koehler,Puerto Williams,Luxembourg,75803868125210
Alameda,Ajay,Mata-Utu,Senegal,70425029376116
Evita,Longfellow,Agartala,Saint Lucia,71076798029017
Sallie,Bivins,Lviv,Mauritania,21606258510633
Dede,Nickola,St. George's,Sao Tome and Principe,82256474136127
Lily,Francene,Alofi,Argentina,37271475354649
Wileen,Astra,Moscow,Malaysia,14764169344649
Stephanie,Gladstone,Makassar,Sri Lanka,89206472043553
Beatriz,Hanshaw,Daegu,Nauru,24992360222667
Elmira,Pillsbury,Port Vila,Oman,83328251479231
Petronia,Gavrila,Townsville,Saint Kitts and Nevis,67104564175617
Netty,Brotherson,Bissau,Djibouti,19808595578878
Nerta,Martguerita,Dublin,"Palestinian Territory, Occupied",9032341291718
Georgetta,Phi,Norilsk,United States Minor Outlying Islands,4329349984245
Doro,Croix,Aarhus,Cocos (Keeling) Islands,85065068508035
Sissy,Plato,Mendoza,India,42732344739925
Grier,Billye,Thiès,Serbia and Montenegro,18741619686856
Mallory,McNully,Seoul,Myanmar,14063072854541
Sharlene,Damarra,Da Nang,Denmark,65877106580166
Estell,Lowry,Cincinnati,Svalbard and Jan Mayen,34768268365099
Jordan,Carmena,Pyongyang,French Polynesia,92534438291760
Kimmy,Martguerita,Puebla,Palau,57213082369716
Gilligan,Rogerio,Quebec City,United Arab Emirates,3680813327267
Lelah,Mozelle,Sarajevo,Guernsey,97760051316681
Glenda,Federica,Maceió,Guinea,84907905751539
Aurore,Desai,Malmö,New Caledonia,66123894073343
Pierette,Kirstin,Ashgabat,Svalbard and Jan Mayen,98077766925249
Emilia,Bahr,Nice,Svalbard and Jan Mayen,45111217400212
Gertrud,Anastatius,Newcastle,Estonia,53235210569809
Gretal,Mich,Geelong,Anguilla,90013855992998
Ethel,Francyne,Gaza,Belize,47516190789071
Tera,Ferrell,Warsaw,Bolivia,30941860873621
Bobbi,Ingra,Handan,Egypt,66076027654726
Ilse,Joli,Hat Yai,Liechtenstein,69723618802879
Gratia,Dex,Horta (Azores),Cocos (Keeling) Islands,5546301187844
Dode,Meter,Yangon,Syrian Arab Republic,22522480437931
Kial,Hebner,Apia,Burkina Faso,54306552606350
Juliane,Sandye,Rabat,Bolivia,72742469956357
Romona,Iaverne,Chicago,Kyrgyzstan,5483499125794
Gwenneth,Joseph,Dibrugarh,Israel,18925006150407
Aryn,Cornelia,Da Nang,Timor-Leste,62877382544779
Trudie,Alejoa,Medina,Madagascar,22923603024192
Silvana,Bettine,Frankfurt,Kuwait,78434214881346
Ivett,Raseda,Baku,Mozambique,74975107841130
Mariele,Vins,Guayaquil,Netherlands,82990586519737
Caritta,Dash,City of San Marino,Malta,93551473108054
Viki,Sherfield,Veracruz,Saint Vincent and the Grenadines,75045867560996
Linzy,Bonucci,Vladivostok,American Samoa,83924045537085
Deane,Faria,Tijuana,French Southern Territories,3922903740076
Jackie,Jammal,Nouméa,Honduras,217636348211
Sybille,Estella,Boa Vista,Mexico,46431039465477
Taffy,Mozelle,Oklahoma City,Latvia,84659737702412
Aeriela,Viddah,Gangtok,Myanmar,46440514560859
Sonni,Jagir,Barcelona,Puerto Rico,28460692912752
Wanda,Swanhildas,Winnipeg,Faroe Islands,37866595693228
Petronia,Christal,Rotterdam,Nepal,99470260523932
Jan,Halsey,Magadan,Cambodia,6498886170568
Ellette,Rosalba,Lahore,Dominica,28887352682146
Annaliese,Doig,Maputo,Faroe Islands,35163845485795
Jackie,Ruvolo,San Carlos de Bariloche,AndorrA,87624811645069
Diena,Leopold,Shijiazhuang,Mauritius,21367726369942
Calla,Seessel,Turin,Panama,83746145018083
Renie,Pearse,Adelaide,Albania,13438788599382
Leona,Stefa,Bratsk,Ukraine,77309293929586
Allis,Carvey,Bujumbura,Liberia,42181008278836
Kore,Darrell,Pekanbaru,New Caledonia,26000201172718
Corry,Klotz,Anchorage,"Tanzania, United Republic of",7272842899497
Myrtice,Chesna,Rotterdam,"Virgin Islands, U.S.",92601708808097
Verla,Skurnik,Karachi,Norfolk Island,45075068821579
Sashenka,Tarrant,Harare,Argentina,56245823289708
Kristina,Kravits,Hai Phong,Costa Rica,51790076078821
Carmencita,Bakerman,Cairo,Guyana,10322856479095
Maridel,Corilla,Nagoya,United States Minor Outlying Islands,62187419971560
Lorenza,Eben,Luxembourg (city),Russian Federation,95978322458778
Consuela,Armanda,Paris,"Moldova, Republic of",54128685003450
Lenna,Moseley,Veracruz,Antigua and Barbuda,30713224589385
Yolane,Goldina,Lima,Malawi,23713635794876
Sherrie,Meli,Quetzaltenango,Australia,73964660177944
Mariann,Pettiford,Saint-Pierre,France,42739720689923
Vanessa,My,Jerusalem,Viet Nam,4029130909933
Chere,Cimbura,Athens,Wallis and Futuna,33428974337863
Kate,Zenas,Hilo,"Moldova, Republic of",38658002751054
Gratia,McGrody,Quetzaltenango,Nauru,47716546871397
Ruthe,Jacinda,Miri,Heard Island and Mcdonald Islands,31987481054216
Kristan,Koziara,Townsville,Nicaragua,50282143755672
Angelique,Garek,Thiès,Viet Nam,40194542985462
Ilse,Kenney,Memphis,Malaysia,1206232141438
Aili,Emmaline,Handan,Bahrain,87447416596108
Doralynne,Gunn,Ludhiana,Tuvalu,61514644138988
Phedra,Elsinore,Nashville,Mauritania,41251891159081
Diena,Fabiola,Xining,Cape Verde,73820664503996
Tybie,McGrody,Aberdeen,Uzbekistan,89154538120868
Beth,Norvol,Freetown,Syrian Arab Republic,45028350770846
Chastity,Destinee,Palma,Zimbabwe,60560613751342
Elena,Wadell,Honolulu,Palau,90817580803203
Lucille,Poppy,Kinshasa,Cyprus,21487283700382
Sheree,Ailyn,Bissau,Iceland,51171872000617
Kial,Hilbert,Pago Pago,Maldives,97006157051534
Hannis,Center,Ahmedabad,Germany,47867782568916
Allyce,Amethist,Macau,Palau,11852196416942
Amalie,Kannry,Wichita,Albania,3232670416254
Pamella,Bahr,Rio de Janeiro,Slovenia,66659912884983
Kittie,Tacye,Riga,"Korea, Democratic People""S Republic of",19029629708010
Annice,Martguerita,Pittsburgh,Myanmar,56306127996640
Atlanta,Sheng,Yerevan,Panama,32615928277716
Gabi,Caitlin,Kharkiv,Croatia,88149277185029
Jordan,Kevon,Kolkata,French Polynesia,58731983965995
Charmaine,Wiener,Boa Vista,Swaziland,40841771807371
Phedra,Abernon,Birmingham,Slovakia,34594417939064
Bertine,Bollay,Nagpur,Mexico,84000967269854
Marti,Mathilde,Vancouver,Saint Vincent and the Grenadines,63999662345848
Cecile,Decato,Kabul,Madagascar,95867340778490
Cherilyn,Ferino,Zapopan,Haiti,73935266570976
Miquela,Thunell,Adana,French Polynesia,37270599307268
Tori,Mandler,Changchun,Switzerland,93925063498421
Kial,Stanwood,Kawasaki,Greenland,99845819179036
Barbara,Garbe,Hilo,Congo,3924481707776
Bettine,Mallon,Darwin,Cambodia,72526615399721
Korrie,Middleton,Maputo,"Lao People""S Democratic Republic",5778976011988
Adele,Radu,New Orleans,United States,18376965902252
Tamqrah,Primalia,Adamstown,Slovakia,99889036044664
Netty,Delila,Bratsk,Belgium,33605875289401
Rhoda,Roumell,Yamoussoukro,Svalbard and Jan Mayen,52403446764091
Helsa,Grobe,Quezon City,Poland,63413451491581
Ana,Fillbert,Bratsk,"Lao People""S Democratic Republic",15520275926224
Carmencita,Daegal,Boa Vista,Uzbekistan,79137615278282
Celisse,Wildermuth,Kaliningrad,Faroe Islands,52878721607955
Clarice,Rudolph,Bogotá,Costa Rica,89603571335613
Sherrie,Nance,Oklahoma City,Tokelau,53948656997428
Ethel,Lunsford,Namangan,Holy See (Vatican City State),11069172608437
Cherrita,Stelle,Darwin,Peru,64427783010824
Janey,Alice,Chongjin,Turks and Caicos Islands,93369863551586
Lauryn,Felizio,Quetzaltenango,Romania,79616649816721
Annaliese,Ricarda,Da Nang,Gabon,90079699517259
Shaylyn,Reidar,Riga,Tokelau,82471672305134
Mallory,Durware,Campinas,Belize,40442734269430
Barbi,Zachary,Porto Velho,Bahrain,77727663034886
Viki,Macey,Sapporo,Cayman Islands,88778766874966
Leanna,Giule,Porto Velho,Comoros,86968796838311
Penelopa,Jorgan,Nouméa,Canada,73636839429135
Dorthy,Shelba,São Tomé,Saudi Arabia,23404380117194
Marguerite,Dominy,Honolulu,Finland,42690590946825
Bettine,Gerge,Vientiane,Chile,78153758346065
Georgetta,Gordon,Reykjavík,New Zealand,63381132248694
Jerry,Medrek,Pelotas,Senegal,47441253859041
Ann-Marie,Jammal,Calgary,Angola,60659786405575
Melodie,Lattie,Surat Thani,Saint Lucia,53153210768470
Susette,Lewes,Minsk,Svalbard and Jan Mayen,60456035769104
Dorene,Smitt,Riga,Oman,38965040934130
Margette,Albertine,Seattle,Guam,52311938542418
Ethel,Taima,Luxembourg (city),Mauritania,49821488144664
Pearline,Zamora,Luxor,Mexico,37255323834725
Audrie,Kiersten,Blantyre,New Caledonia,14917173725701
Carlie,Johanna,Leipzig,Cambodia,69426600655187
Alexine,Diann,Nashville,Angola,56171117812456
Fernande,Lilybelle,Iquique,"Lao People""S Democratic Republic",90003372021118
Miquela,Ortrude,Ouagadougou,"Iran, Islamic Republic Of",26607162984752
Laurene,Gamaliel,Kunming,Palau,30837286503847
Libbie,Woodberry,Colombo,Antarctica,41118028524319
Dede,Yate,Maracaibo,Netherlands Antilles,77341429371151
Chrystel,Libna,Dodoma,Ghana,67875075033038
Gerianna,Llovera,Split (city),Slovenia,68513759332846
Tobe,Nelsen,Srinagar,Viet Nam,80944312677675
Lauryn,Yuille,Kaesong,"Macedonia, The Former Yugoslav Republic of",55018892344284
Renae,Suanne,Sri Jayawardenapura-Kotte,Western Sahara,55444705585984
Cyb,Margarete,Omdurman,Sudan,88156680619295
Valeda,Zrike,Roseau,Trinidad and Tobago,67804131817823
Candy,Alwin,Yaoundé,Colombia,45496209871989
Shel,Naashom,Jayapura,Reunion,37145263521212
Lyssa,Jorgan,Gibraltar,Germany,38378441905493
Pollyanna,Therine,Ljubljana,Burundi,33696390499482
Claudina,Douglass,Vienna,India,14013521333558
Sharai,Millda,Nouakchott,Oman,19956103963278
Yvonne,Joseph,St. George's,Germany,90446997741188
Cherilyn,Jammal,Tehran,United Arab Emirates,76951627324222
Elie,Lemuela,Harare,Turkmenistan,40757294889359
Johna,Miru,Bursa,Saint Pierre and Miquelon,64315692815009
Teddie,Abbot,Cologne,Albania,15628488227817
Ashlee,Gaynor,Hobart,Cameroon,92890107116401
Rebeca,Janene,Singapore,Angola,77393769584935
Sean,Maryanne,Bridgetown,Cook Islands,33664734541357
Ardenia,Tyson,Muscat,Faroe Islands,75784066788358
Amii,Aaberg,Detroit,Nicaragua,40181122567464
Carly,Adore,Maputo,Singapore,34640547540934
Rosene,Cavan,Muscat,Monaco,86216082276545
Allyce,Means,Bandar Seri Begawan,South Africa,38305594363164
Dennie,Salvidor,Dakar,Montserrat,58905849592993
Carmela,Linehan,Iquitos,Falkland Islands (Malvinas),78911753460643
Beatriz,Durante,Córdoba,United States,76371300220673
Penelopa,Schenck,Horta (Azores),Papua New Guinea,18371436192230
Silvana,Zitvaa,Linz,Tokelau,3523314759523
Reeba,Agle,Charlottetown,Jamaica,7105532376999
Elmira,Rogerio,Lusaka,Estonia,20666296296504
Loree,Raseda,Adana,Tuvalu,91335448787710
Danny,Zola,Dushanbe,Bouvet Island,87566589316311
Starla,Tamar,Samara,Guinea,24040260019906
Quintina,Hubert,Port Blair,Sierra Leone,92362981918392
Maisey,Yoko,Iquique,New Zealand,74172968729239
Nollie,Obed,Huế,Montserrat,67002539358208
Ira,Fancie,Magadan,Kiribati,27846571463736
Lita,Marlie,Padang,Botswana,33288287980004
Agathe,Anderea,Puebla,Russian Federation,54247508463547
Cam,Raychel,Ushuaia,Nauru,88677045789859
Deedee,Vary,Kota Kinabalu,Pakistan,6920239176422
Clarice,Braun,Mamoudzou,Netherlands Antilles,95576268510174
Teddie,Kronfeld,Jacksonville,Saint Pierre and Miquelon,94594533510476
Correy,Seumas,Charlottetown,Djibouti,7146450390309
Nikki,Elisha,Tskhinvali,Guam,7659614309410
Selia,Raffo,Port Moresby,Gabon,59573716564400
Shirlee,Willie,Dammam,Portugal,75570236077484
Roberta,Salvidor,Milan,Guatemala,88412122417191
Marita,Tyson,Port Vila,Turkmenistan,56632841045399
Hermione,Wesle,Lobamba,Nicaragua,57572281563425
Cordi,Bonilla,Amman,Christmas Island,15176426208485
Stevana,Pernick,Papeete,Saint Kitts and Nevis,13329176865122
Hannis,Frendel,Semarang,Swaziland,86601673853972
Tybie,Xerxes,Iloilo City,Cocos (Keeling) Islands,896083644767
Ermengarde,Travax,Austin,Solomon Islands,52156392116073
Magdalena,Reinke,Istanbul,Dominica,95414086666972
Gusty,Peg,Mbabane,Niger,61926699750840
Giustina,Elsinore,Geneva,Poland,55063113054474
Lory,Wooster,Saint-Denis,Fiji,12396987705059
Tracey,Tound,Sacramento,Libyan Arab Jamahiriya,69187105634471
Betta,Lacombe,Monterrey,Czech Republic,70988897236657
Blondelle,Wareing,Valdivia,Brazil,5524971506523
Benita,Publia,Philadelphia,Benin,94032426910696
Berta,Colp,Moscow,Egypt,93955104816175
Trudie,Faust,Incheon,Fiji,43225330565226
Elmira,Bonucci,Stuttgart,Antigua and Barbuda,19885725960690
Nessie,Casimir,Las Palmas de Gran Canaria,Antarctica,60710339993912
Jaime,Klotz,Hiroshima,Bahamas,62109734949653
Zaria,Waldron,Port Hedland,Romania,68612605545742
Jessamyn,Lilybelle,Sitka,Wallis and Futuna,99660670513533
Kary,Lewes,Oklahoma City,Cyprus,67016641794375
Lorie,Nikaniki,Aarhus,Latvia,72160525147392
Danika,Bettine,Vancouver,Gambia,88124448433998
Cordi,Linehan,Dhaka,Congo,137588151786
Doro,Bashemeth,Guwahati,Heard Island and Mcdonald Islands,24363400319588
Shell,Mehalek,Iqaluit,Cape Verde,61196168839550
Glenda,Bevin,Wollongong,French Southern Territories,94434448816002
Stevana,Brittani,Pelotas,Bermuda,33057702449380
Danika,Morehouse,Cork (city),United Kingdom,28404172866915
Rivalee,Gherardo,Hai Phong,Papua New Guinea,12399864550466
Aryn,Trey,Stuttgart,Venezuela,48519700645091
Ernesta,Melony,Whitehorse,Marshall Islands,60168789940544
Paule,Devlen,Tiraspol,Suriname,90624636266599
Marti,Raama,Suva,Syrian Arab Republic,30424874326623
Cacilie,Ranjiv,Johor Bahru,Croatia,25626675771461
Jobi,Flita,Lomé,"Cote D""Ivoire",20047505868210
Nollie,Izaak,Wellington,Netherlands Antilles,71938669903065
Brena,Gamaliel,Canberra,"Micronesia, Federated States of",81488219460037
Candi,Aaberg,Perm,Dominica,84729480265368
Ursulina,Ferrell,Lusaka,Ecuador,42124560290236
Mellicent,Chesna,Pattaya,Brunei Darussalam,62068941366450
Dulce,Kalinda,Lusaka,Iceland,47482754456214
Bernardine,Jacqui,Riga,Angola,71266698781322
Wanda,Elo,Shenyang,Mali,79847176022967
Rozele,Lay,Petropavlovsk-Kamchatsky,"Virgin Islands, British",28268355786947
Zondra,Durware,Montreal,Belgium,42714304117434
Petronia,Bandeen,Las Vegas,Guadeloupe,73238581248759
Violet,Chem,Kyoto,Equatorial Guinea,76457770828244
Rhea,Karna,Frankfurt,Morocco,42201538649712
Jasmina,Seumas,Banda Aceh,French Southern Territories,99705181290289
Sarette,Harned,Castries,United States Minor Outlying Islands,47616200296004
Winny,Bohlin,Tel Aviv,South Georgia and the South Sandwich Islands,65436377206762
Netty,Thema,Mwanza,Åland Islands,96631544061774
Maud,Philipp,Siem Reap,French Polynesia,19387462125806
Melodie,Frodi,Gaziantep,Syrian Arab Republic,84568615174173
Zondra,Sandye,Chuí,Finland,7568141261274
Hope,Infield,Freetown,Guernsey,72757299244829
Hannis,Buffum,Podgorica,"Iran, Islamic Republic Of",79467597704311
Patricia,Paine,Mogadishu,Argentina,87320434729223
Allis,Charity,Belém,San Marino,79074577317857
Feliza,Smitt,Campo Grande,Nauru,78050225355224
Lila,Susannah,New Delhi,Niue,48828195749229
Jaclyn,Lilas,Jacksonville,Hungary,36616084046465
Jacquetta,Koziara,Kawasaki,Brunei Darussalam,74150231882633
Georgetta,Ehrman,Multan,Panama,94356430690713
Evaleen,Kat,Adamstown,Nigeria,27613081419327
Dulcinea,Dash,Hamilton,Yemen,67184824082669
Delilah,Willie,Asunción,Timor-Leste,81102044488592
Tierney,Cottle,Livingstone,Bahrain,45395656027281
Stephanie,Presber,Dushanbe,Georgia,21697407694958
Gwyneth,Cyrie,Monaco,Sao Tome and Principe,74665629558396
Randa,Harriman,Saskatoon,Pitcairn,81576536564881
Kelly,Guildroy,Zamboanga City,Venezuela,95185216835320
Shell,Ciro,Calgary,Belgium,50994354254948
Susan,Schenck,Houston,San Marino,78869570620363
Sissy,Serilda,Lubumbashi,Cuba,3883159509808
Nita,Nea,Oslo,Bahamas,34122364765788
Beatriz,Ariella,İzmir,Vanuatu,50839266262794
Lulita,Thornburg,Cali,Viet Nam,71963394490543
Lynea,Bultman,Aarhus,Slovakia,92677142391166
Adore,Decato,El Aaiún,Serbia and Montenegro,17238316991043
Winifred,Fennessy,Xi'an,Armenia,59209057193643
Thalia,Montgomery,Rochester,Qatar,87296475216226
Barbi,Kylander,Dongguan,Bahrain,42456782913763
Amelia,Wilona,Cairns,AndorrA,71035818651279
Kerrin,Genna,New York City,Canada,54496251277539
Xylina,Duwalt,Nagpur,Saint Kitts and Nevis,94374157428397
Agnese,Niles,Sacramento,Slovenia,38128917509366
Courtnay,Karylin,Winnipeg,Bolivia,92190815750
Mallory,Calhoun,Ulan Bator,Morocco,67811903828559
Justinn,Libna,Hanoi,Haiti,60391863589336
Karina,Holtz,Weno,Estonia,72831661399684
Lyssa,Chick,Louisville,Cayman Islands,32238506547372
Laure,Darrell,Monaco,Guinea,73486315977608
Aryn,Reidar,São Paulo,"Moldova, Republic of",84873150243855
Ninnetta,Hilbert,Simferopol,Belgium,53316565710711
Mariele,Morehouse,Ndola,Dominican Republic,82246624202292
Anallese,Standing,Moscow,Spain,81211723350940
Dulce,Madaih,Basra,Indonesia,62954923440012
Henriette,Monaco,Saint-Pierre,Kenya,99896367928845
Liana,An,Houston,"Congo, The Democratic Republic of the",40416510202071
Atlanta,Ackerley,Hobart,India,14684789187279
Jessy,Michella,Buffalo,Germany,60653344739582
Rhoda,Arley,Porto Velho,Egypt,15604563367541
Carree,Randene,Mumbai,Burkina Faso,14160985128858
Georgetta,Daniele,Canberra,Saint Vincent and the Grenadines,56608880712837
Belva,Imelida,Bratsk,Yemen,82703576264082
Cindelyn,Goldina,Pekanbaru,Albania,69852219585349
Kary,Juan,Saint-Denis,Bulgaria,3385743174649
Jaclyn,Lory,Dhaka,Montserrat,30818020535402
Jacquetta,Geffner,Tehran,Albania,64832208454132
Carree,Albertine,Thessaloniki,Suriname,90412541763163
Harrietta,Herrera,Barcelona,"Virgin Islands, British",156114009304
Rayna,Christine,Kaohsiung,Tokelau,21651896681561
Lyssa,O'Carroll,Whitehorse,Hungary,13236786449073
Madalyn,Vilma,Malmö,Zimbabwe,82418780619691
Tonia,Fax,Wellington,Uganda,10357974004284
Violet,Ludewig,Leipzig,Tuvalu,76132993872486
Debee,Pitt,Mérida,Bahamas,72736761367467
Helena,Dichy,Auckland,Burundi,8849979711876
Rori,Gombach,Port-au-Prince,Belgium,65232388462184
Ida,Philipp,Zagreb,Nauru,59425552517469
Belva,O'Carroll,Milan,Jamaica,96486741623923
Andeee,Schalles,Yangon,Norfolk Island,88936606295070
Babita,Brenn,Asmara,Tajikistan,39603060144938
Desirae,Hachmin,Louisville,RWANDA,22655857817760
Joleen,Tremayne,Nagpur,Gibraltar,11268648563741
Juliane,Janith,Nagoya,Guam,9880868266183
Violet,Turne,Bursa,French Guiana,76982239293761