Richard,Darrow,5570 Isabella Ave,St. Louis,IL,58540,432311234
Barack,Donnelly,7844 S. Greenwood Ave,Houston,CAS,38635,132311234
Ann,Benes,2447 S. Greenwood Ave,Las Vegas,NY,55366,954311234
Laura,Minella,8177 4th Street,Dallas,FL,04119,678311234
Erica,Gates,3141 Farnam Street,Omaha,CA,57640,132311234
Warren,Darrow,4686 Mt. Lee Drive,St. Louis,NY,94935,430411211
Warren,Williams,6670 S. Greenwood Ave,Hollywood,FL,37288,542311234
Harry,Smith,3273 Isabella Ave,Houston,FL,97261,224323112
Steve,James,8407 Infinite Loop Drive,Las Vegas,WA,90520,432105234
Erica,Neuberger,513 S. Greenwood Ave,Miami,IL,12778,954311234
Aimee,Hoover,7341 Vel Avenue,Mobile,AL,35928,432311220
Jonas,Gilbert,8852 In St.,Saint Paul,MN,57321,562311234
Regan,Darrow,4851 Nec Av.,Gulfport,MS,33193,414323112
StuartK,Mckenzie,5529 Orci Av.,Nampa,ID,18562,964311234
Sydney,Robinson,894 Ornare. Ave,Olathe,KS,25606,190632311